,mpg,displacement,horsepower,weight,acceleration,model year,c1,c2,c3,c4,c5,o1,o2,o3
0,18.0,307.0,130.0,3504.0,12.0,70,1.0,0.0,0.0,0.0,0.0,1.0,0.0,0.0
1,15.0,350.0,165.0,3693.0,11.5,70,1.0,0.0,0.0,0.0,0.0,1.0,0.0,0.0
2,18.0,318.0,150.0,3436.0,11.0,70,1.0,0.0,0.0,0.0,0.0,1.0,0.0,0.0
3,16.0,304.0,150.0,3433.0,12.0,70,1.0,0.0,0.0,0.0,0.0,1.0,0.0,0.0
4,17.0,302.0,140.0,3449.0,10.5,70,1.0,0.0,0.0,0.0,0.0,1.0,0.0,0.0
5,15.0,429.0,198.0,4341.0,10.0,70,1.0,0.0,0.0,0.0,0.0,1.0,0.0,0.0
6,14.0,454.0,220.0,4354.0,9.0,70,1.0,0.0,0.0,0.0,0.0,1.0,0.0,0.0
7,14.0,440.0,215.0,4312.0,8.5,70,1.0,0.0,0.0,0.0,0.0,1.0,0.0,0.0
8,14.0,455.0,225.0,4425.0,10.0,70,1.0,0.0,0.0,0.0,0.0,1.0,0.0,0.0
9,15.0,390.0,190.0,3850.0,8.5,70,1.0,0.0,0.0,0.0,0.0,1.0,0.0,0.0
10,15.0,383.0,170.0,3563.0,10.0,70,1.0,0.0,0.0,0.0,0.0,1.0,0.0,0.0
11,14.0,340.0,160.0,3609.0,8.0,70,1.0,0.0,0.0,0.0,0.0,1.0,0.0,0.0
12,15.0,400.0,150.0,3761.0,9.5,70,1.0,0.0,0.0,0.0,0.0,1.0,0.0,0.0
13,14.0,455.0,225.0,3086.0,10.0,70,1.0,0.0,0.0,0.0,0.0,1.0,0.0,0.0
14,24.0,113.0,95.0,2372.0,15.0,70,0.0,1.0,0.0,0.0,0.0,0.0,1.0,0.0
15,22.0,198.0,95.0,2833.0,15.5,70,0.0,0.0,1.0,0.0,0.0,1.0,0.0,0.0
16,18.0,199.0,97.0,2774.0,15.5,70,0.0,0.0,1.0,0.0,0.0,1.0,0.0,0.0
17,21.0,200.0,85.0,2587.0,16.0,70,0.0,0.0,1.0,0.0,0.0,1.0,0.0,0.0
18,27.0,97.0,88.0,2130.0,14.5,70,0.0,1.0,0.0,0.0,0.0,0.0,1.0,0.0
19,26.0,97.0,46.0,1835.0,20.5,70,0.0,1.0,0.0,0.0,0.0,0.0,0.0,1.0
20,25.0,110.0,87.0,2672.0,17.5,70,0.0,1.0,0.0,0.0,0.0,0.0,0.0,1.0
21,24.0,107.0,90.0,2430.0,14.5,70,0.0,1.0,0.0,0.0,0.0,0.0,0.0,1.0
22,25.0,104.0,95.0,2375.0,17.5,70,0.0,1.0,0.0,0.0,0.0,0.0,0.0,1.0
23,26.0,121.0,113.0,2234.0,12.5,70,0.0,1.0,0.0,0.0,0.0,0.0,0.0,1.0
24,21.0,199.0,90.0,2648.0,15.0,70,0.0,0.0,1.0,0.0,0.0,1.0,0.0,0.0
25,10.0,360.0,215.0,4615.0,14.0,70,1.0,0.0,0.0,0.0,0.0,1.0,0.0,0.0
26,10.0,307.0,200.0,4376.0,15.0,70,1.0,0.0,0.0,0.0,0.0,1.0,0.0,0.0
27,11.0,318.0,210.0,4382.0,13.5,70,1.0,0.0,0.0,0.0,0.0,1.0,0.0,0.0
28,9.0,304.0,193.0,4732.0,18.5,70,1.0,0.0,0.0,0.0,0.0,1.0,0.0,0.0
29,27.0,97.0,88.0,2130.0,14.5,71,0.0,1.0,0.0,0.0,0.0,0.0,1.0,0.0
30,28.0,140.0,90.0,2264.0,15.5,71,0.0,1.0,0.0,0.0,0.0,1.0,0.0,0.0
31,25.0,113.0,95.0,2228.0,14.0,71,0.0,1.0,0.0,0.0,0.0,0.0,1.0,0.0
32,19.0,232.0,100.0,2634.0,13.0,71,0.0,0.0,1.0,0.0,0.0,1.0,0.0,0.0
33,16.0,225.0,105.0,3439.0,15.5,71,0.0,0.0,1.0,0.0,0.0,1.0,0.0,0.0
34,17.0,250.0,100.0,3329.0,15.5,71,0.0,0.0,1.0,0.0,0.0,1.0,0.0,0.0
35,19.0,250.0,88.0,3302.0,15.5,71,0.0,0.0,1.0,0.0,0.0,1.0,0.0,0.0
36,18.0,232.0,100.0,3288.0,15.5,71,0.0,0.0,1.0,0.0,0.0,1.0,0.0,0.0
37,14.0,350.0,165.0,4209.0,12.0,71,1.0,0.0,0.0,0.0,0.0,1.0,0.0,0.0
38,14.0,400.0,175.0,4464.0,11.5,71,1.0,0.0,0.0,0.0,0.0,1.0,0.0,0.0
39,14.0,351.0,153.0,4154.0,13.5,71,1.0,0.0,0.0,0.0,0.0,1.0,0.0,0.0
40,14.0,318.0,150.0,4096.0,13.0,71,1.0,0.0,0.0,0.0,0.0,1.0,0.0,0.0
41,12.0,383.0,180.0,4955.0,11.5,71,1.0,0.0,0.0,0.0,0.0,1.0,0.0,0.0
42,13.0,400.0,170.0,4746.0,12.0,71,1.0,0.0,0.0,0.0,0.0,1.0,0.0,0.0
43,13.0,400.0,175.0,5140.0,12.0,71,1.0,0.0,0.0,0.0,0.0,1.0,0.0,0.0
44,18.0,258.0,110.0,2962.0,13.5,71,0.0,0.0,1.0,0.0,0.0,1.0,0.0,0.0
45,22.0,140.0,72.0,2408.0,19.0,71,0.0,1.0,0.0,0.0,0.0,1.0,0.0,0.0
46,19.0,250.0,100.0,3282.0,15.0,71,0.0,0.0,1.0,0.0,0.0,1.0,0.0,0.0
47,18.0,250.0,88.0,3139.0,14.5,71,0.0,0.0,1.0,0.0,0.0,1.0,0.0,0.0
48,23.0,122.0,86.0,2220.0,14.0,71,0.0,1.0,0.0,0.0,0.0,1.0,0.0,0.0
49,28.0,116.0,90.0,2123.0,14.0,71,0.0,1.0,0.0,0.0,0.0,0.0,0.0,1.0
50,30.0,79.0,70.0,2074.0,19.5,71,0.0,1.0,0.0,0.0,0.0,0.0,0.0,1.0
51,31.0,71.0,65.0,1773.0,19.0,71,0.0,1.0,0.0,0.0,0.0,0.0,1.0,0.0
52,35.0,72.0,69.0,1613.0,18.0,71,0.0,1.0,0.0,0.0,0.0,0.0,1.0,0.0
53,27.0,97.0,60.0,1834.0,19.0,71,0.0,1.0,0.0,0.0,0.0,0.0,0.0,1.0
54,26.0,91.0,70.0,1955.0,20.5,71,0.0,1.0,0.0,0.0,0.0,1.0,0.0,0.0
55,24.0,113.0,95.0,2278.0,15.5,72,0.0,1.0,0.0,0.0,0.0,0.0,1.0,0.0
56,25.0,97.5,80.0,2126.0,17.0,72,0.0,1.0,0.0,0.0,0.0,1.0,0.0,0.0
57,23.0,97.0,54.0,2254.0,23.5,72,0.0,1.0,0.0,0.0,0.0,0.0,0.0,1.0
58,20.0,140.0,90.0,2408.0,19.5,72,0.0,1.0,0.0,0.0,0.0,1.0,0.0,0.0
59,21.0,122.0,86.0,2226.0,16.5,72,0.0,1.0,0.0,0.0,0.0,1.0,0.0,0.0
60,13.0,350.0,165.0,4274.0,12.0,72,1.0,0.0,0.0,0.0,0.0,1.0,0.0,0.0
61,14.0,400.0,175.0,4385.0,12.0,72,1.0,0.0,0.0,0.0,0.0,1.0,0.0,0.0
62,15.0,318.0,150.0,4135.0,13.5,72,1.0,0.0,0.0,0.0,0.0,1.0,0.0,0.0
63,14.0,351.0,153.0,4129.0,13.0,72,1.0,0.0,0.0,0.0,0.0,1.0,0.0,0.0
64,17.0,304.0,150.0,3672.0,11.5,72,1.0,0.0,0.0,0.0,0.0,1.0,0.0,0.0
65,11.0,429.0,208.0,4633.0,11.0,72,1.0,0.0,0.0,0.0,0.0,1.0,0.0,0.0
66,13.0,350.0,155.0,4502.0,13.5,72,1.0,0.0,0.0,0.0,0.0,1.0,0.0,0.0
67,12.0,350.0,160.0,4456.0,13.5,72,1.0,0.0,0.0,0.0,0.0,1.0,0.0,0.0
68,13.0,400.0,190.0,4422.0,12.5,72,1.0,0.0,0.0,0.0,0.0,1.0,0.0,0.0
69,19.0,70.0,97.0,2330.0,13.5,72,0.0,0.0,0.0,1.0,0.0,0.0,1.0,0.0
70,15.0,304.0,150.0,3892.0,12.5,72,1.0,0.0,0.0,0.0,0.0,1.0,0.0,0.0
71,13.0,307.0,130.0,4098.0,14.0,72,1.0,0.0,0.0,0.0,0.0,1.0,0.0,0.0
72,13.0,302.0,140.0,4294.0,16.0,72,1.0,0.0,0.0,0.0,0.0,1.0,0.0,0.0
73,14.0,318.0,150.0,4077.0,14.0,72,1.0,0.0,0.0,0.0,0.0,1.0,0.0,0.0
74,18.0,121.0,112.0,2933.0,14.5,72,0.0,1.0,0.0,0.0,0.0,0.0,0.0,1.0
75,22.0,121.0,76.0,2511.0,18.0,72,0.0,1.0,0.0,0.0,0.0,0.0,0.0,1.0
76,21.0,120.0,87.0,2979.0,19.5,72,0.0,1.0,0.0,0.0,0.0,0.0,0.0,1.0
77,26.0,96.0,69.0,2189.0,18.0,72,0.0,1.0,0.0,0.0,0.0,0.0,0.0,1.0
78,22.0,122.0,86.0,2395.0,16.0,72,0.0,1.0,0.0,0.0,0.0,1.0,0.0,0.0
79,28.0,97.0,92.0,2288.0,17.0,72,0.0,1.0,0.0,0.0,0.0,0.0,1.0,0.0
80,23.0,120.0,97.0,2506.0,14.5,72,0.0,1.0,0.0,0.0,0.0,0.0,1.0,0.0
81,28.0,98.0,80.0,2164.0,15.0,72,0.0,1.0,0.0,0.0,0.0,1.0,0.0,0.0
82,27.0,97.0,88.0,2100.0,16.5,72,0.0,1.0,0.0,0.0,0.0,0.0,1.0,0.0
83,13.0,350.0,175.0,4100.0,13.0,73,1.0,0.0,0.0,0.0,0.0,1.0,0.0,0.0
84,14.0,304.0,150.0,3672.0,11.5,73,1.0,0.0,0.0,0.0,0.0,1.0,0.0,0.0
85,13.0,350.0,145.0,3988.0,13.0,73,1.0,0.0,0.0,0.0,0.0,1.0,0.0,0.0
86,14.0,302.0,137.0,4042.0,14.5,73,1.0,0.0,0.0,0.0,0.0,1.0,0.0,0.0
87,15.0,318.0,150.0,3777.0,12.5,73,1.0,0.0,0.0,0.0,0.0,1.0,0.0,0.0
88,12.0,429.0,198.0,4952.0,11.5,73,1.0,0.0,0.0,0.0,0.0,1.0,0.0,0.0
89,13.0,400.0,150.0,4464.0,12.0,73,1.0,0.0,0.0,0.0,0.0,1.0,0.0,0.0
90,13.0,351.0,158.0,4363.0,13.0,73,1.0,0.0,0.0,0.0,0.0,1.0,0.0,0.0
91,14.0,318.0,150.0,4237.0,14.5,73,1.0,0.0,0.0,0.0,0.0,1.0,0.0,0.0
92,13.0,440.0,215.0,4735.0,11.0,73,1.0,0.0,0.0,0.0,0.0,1.0,0.0,0.0
93,12.0,455.0,225.0,4951.0,11.0,73,1.0,0.0,0.0,0.0,0.0,1.0,0.0,0.0
94,13.0,360.0,175.0,3821.0,11.0,73,1.0,0.0,0.0,0.0,0.0,1.0,0.0,0.0
95,18.0,225.0,105.0,3121.0,16.5,73,0.0,0.0,1.0,0.0,0.0,1.0,0.0,0.0
96,16.0,250.0,100.0,3278.0,18.0,73,0.0,0.0,1.0,0.0,0.0,1.0,0.0,0.0
97,18.0,232.0,100.0,2945.0,16.0,73,0.0,0.0,1.0,0.0,0.0,1.0,0.0,0.0
98,18.0,250.0,88.0,3021.0,16.5,73,0.0,0.0,1.0,0.0,0.0,1.0,0.0,0.0
99,23.0,198.0,95.0,2904.0,16.0,73,0.0,0.0,1.0,0.0,0.0,1.0,0.0,0.0
100,26.0,97.0,46.0,1950.0,21.0,73,0.0,1.0,0.0,0.0,0.0,0.0,0.0,1.0
101,11.0,400.0,150.0,4997.0,14.0,73,1.0,0.0,0.0,0.0,0.0,1.0,0.0,0.0
102,12.0,400.0,167.0,4906.0,12.5,73,1.0,0.0,0.0,0.0,0.0,1.0,0.0,0.0
103,13.0,360.0,170.0,4654.0,13.0,73,1.0,0.0,0.0,0.0,0.0,1.0,0.0,0.0
104,12.0,350.0,180.0,4499.0,12.5,73,1.0,0.0,0.0,0.0,0.0,1.0,0.0,0.0
105,18.0,232.0,100.0,2789.0,15.0,73,0.0,0.0,1.0,0.0,0.0,1.0,0.0,0.0
106,20.0,97.0,88.0,2279.0,19.0,73,0.0,1.0,0.0,0.0,0.0,0.0,1.0,0.0
107,21.0,140.0,72.0,2401.0,19.5,73,0.0,1.0,0.0,0.0,0.0,1.0,0.0,0.0
108,22.0,108.0,94.0,2379.0,16.5,73,0.0,1.0,0.0,0.0,0.0,0.0,1.0,0.0
109,18.0,70.0,90.0,2124.0,13.5,73,0.0,0.0,0.0,1.0,0.0,0.0,1.0,0.0
110,19.0,122.0,85.0,2310.0,18.5,73,0.0,1.0,0.0,0.0,0.0,1.0,0.0,0.0
111,21.0,155.0,107.0,2472.0,14.0,73,0.0,0.0,1.0,0.0,0.0,1.0,0.0,0.0
112,26.0,98.0,90.0,2265.0,15.5,73,0.0,1.0,0.0,0.0,0.0,0.0,0.0,1.0
113,15.0,350.0,145.0,4082.0,13.0,73,1.0,0.0,0.0,0.0,0.0,1.0,0.0,0.0
114,16.0,400.0,230.0,4278.0,9.5,73,1.0,0.0,0.0,0.0,0.0,1.0,0.0,0.0
115,29.0,68.0,49.0,1867.0,19.5,73,0.0,1.0,0.0,0.0,0.0,0.0,0.0,1.0
116,24.0,116.0,75.0,2158.0,15.5,73,0.0,1.0,0.0,0.0,0.0,0.0,0.0,1.0
117,20.0,114.0,91.0,2582.0,14.0,73,0.0,1.0,0.0,0.0,0.0,0.0,0.0,1.0
118,19.0,121.0,112.0,2868.0,15.5,73,0.0,1.0,0.0,0.0,0.0,0.0,0.0,1.0
119,15.0,318.0,150.0,3399.0,11.0,73,1.0,0.0,0.0,0.0,0.0,1.0,0.0,0.0
120,24.0,121.0,110.0,2660.0,14.0,73,0.0,1.0,0.0,0.0,0.0,0.0,0.0,1.0
121,20.0,156.0,122.0,2807.0,13.5,73,0.0,0.0,1.0,0.0,0.0,0.0,1.0,0.0
122,11.0,350.0,180.0,3664.0,11.0,73,1.0,0.0,0.0,0.0,0.0,1.0,0.0,0.0
123,20.0,198.0,95.0,3102.0,16.5,74,0.0,0.0,1.0,0.0,0.0,1.0,0.0,0.0
124,19.0,232.0,100.0,2901.0,16.0,74,0.0,0.0,1.0,0.0,0.0,1.0,0.0,0.0
125,15.0,250.0,100.0,3336.0,17.0,74,0.0,0.0,1.0,0.0,0.0,1.0,0.0,0.0
126,31.0,79.0,67.0,1950.0,19.0,74,0.0,1.0,0.0,0.0,0.0,0.0,1.0,0.0
127,26.0,122.0,80.0,2451.0,16.5,74,0.0,1.0,0.0,0.0,0.0,1.0,0.0,0.0
128,32.0,71.0,65.0,1836.0,21.0,74,0.0,1.0,0.0,0.0,0.0,0.0,1.0,0.0
129,25.0,140.0,75.0,2542.0,17.0,74,0.0,1.0,0.0,0.0,0.0,1.0,0.0,0.0
130,16.0,250.0,100.0,3781.0,17.0,74,0.0,0.0,1.0,0.0,0.0,1.0,0.0,0.0
131,16.0,258.0,110.0,3632.0,18.0,74,0.0,0.0,1.0,0.0,0.0,1.0,0.0,0.0
132,18.0,225.0,105.0,3613.0,16.5,74,0.0,0.0,1.0,0.0,0.0,1.0,0.0,0.0
133,16.0,302.0,140.0,4141.0,14.0,74,1.0,0.0,0.0,0.0,0.0,1.0,0.0,0.0
134,13.0,350.0,150.0,4699.0,14.5,74,1.0,0.0,0.0,0.0,0.0,1.0,0.0,0.0
135,14.0,318.0,150.0,4457.0,13.5,74,1.0,0.0,0.0,0.0,0.0,1.0,0.0,0.0
136,14.0,302.0,140.0,4638.0,16.0,74,1.0,0.0,0.0,0.0,0.0,1.0,0.0,0.0
137,14.0,304.0,150.0,4257.0,15.5,74,1.0,0.0,0.0,0.0,0.0,1.0,0.0,0.0
138,29.0,98.0,83.0,2219.0,16.5,74,0.0,1.0,0.0,0.0,0.0,0.0,0.0,1.0
139,26.0,79.0,67.0,1963.0,15.5,74,0.0,1.0,0.0,0.0,0.0,0.0,0.0,1.0
140,26.0,97.0,78.0,2300.0,14.5,74,0.0,1.0,0.0,0.0,0.0,0.0,0.0,1.0
141,31.0,76.0,52.0,1649.0,16.5,74,0.0,1.0,0.0,0.0,0.0,0.0,1.0,0.0
142,32.0,83.0,61.0,2003.0,19.0,74,0.0,1.0,0.0,0.0,0.0,0.0,1.0,0.0
143,28.0,90.0,75.0,2125.0,14.5,74,0.0,1.0,0.0,0.0,0.0,1.0,0.0,0.0
144,24.0,90.0,75.0,2108.0,15.5,74,0.0,1.0,0.0,0.0,0.0,0.0,0.0,1.0
145,26.0,116.0,75.0,2246.0,14.0,74,0.0,1.0,0.0,0.0,0.0,0.0,0.0,1.0
146,24.0,120.0,97.0,2489.0,15.0,74,0.0,1.0,0.0,0.0,0.0,0.0,1.0,0.0
147,26.0,108.0,93.0,2391.0,15.5,74,0.0,1.0,0.0,0.0,0.0,0.0,1.0,0.0
148,31.0,79.0,67.0,2000.0,16.0,74,0.0,1.0,0.0,0.0,0.0,0.0,0.0,1.0
149,19.0,225.0,95.0,3264.0,16.0,75,0.0,0.0,1.0,0.0,0.0,1.0,0.0,0.0
150,18.0,250.0,105.0,3459.0,16.0,75,0.0,0.0,1.0,0.0,0.0,1.0,0.0,0.0
151,15.0,250.0,72.0,3432.0,21.0,75,0.0,0.0,1.0,0.0,0.0,1.0,0.0,0.0
152,15.0,250.0,72.0,3158.0,19.5,75,0.0,0.0,1.0,0.0,0.0,1.0,0.0,0.0
153,16.0,400.0,170.0,4668.0,11.5,75,1.0,0.0,0.0,0.0,0.0,1.0,0.0,0.0
154,15.0,350.0,145.0,4440.0,14.0,75,1.0,0.0,0.0,0.0,0.0,1.0,0.0,0.0
155,16.0,318.0,150.0,4498.0,14.5,75,1.0,0.0,0.0,0.0,0.0,1.0,0.0,0.0
156,14.0,351.0,148.0,4657.0,13.5,75,1.0,0.0,0.0,0.0,0.0,1.0,0.0,0.0
157,17.0,231.0,110.0,3907.0,21.0,75,0.0,0.0,1.0,0.0,0.0,1.0,0.0,0.0
158,16.0,250.0,105.0,3897.0,18.5,75,0.0,0.0,1.0,0.0,0.0,1.0,0.0,0.0
159,15.0,258.0,110.0,3730.0,19.0,75,0.0,0.0,1.0,0.0,0.0,1.0,0.0,0.0
160,18.0,225.0,95.0,3785.0,19.0,75,0.0,0.0,1.0,0.0,0.0,1.0,0.0,0.0
161,21.0,231.0,110.0,3039.0,15.0,75,0.0,0.0,1.0,0.0,0.0,1.0,0.0,0.0
162,20.0,262.0,110.0,3221.0,13.5,75,1.0,0.0,0.0,0.0,0.0,1.0,0.0,0.0
163,13.0,302.0,129.0,3169.0,12.0,75,1.0,0.0,0.0,0.0,0.0,1.0,0.0,0.0
164,29.0,97.0,75.0,2171.0,16.0,75,0.0,1.0,0.0,0.0,0.0,0.0,1.0,0.0
165,23.0,140.0,83.0,2639.0,17.0,75,0.0,1.0,0.0,0.0,0.0,1.0,0.0,0.0
166,20.0,232.0,100.0,2914.0,16.0,75,0.0,0.0,1.0,0.0,0.0,1.0,0.0,0.0
167,23.0,140.0,78.0,2592.0,18.5,75,0.0,1.0,0.0,0.0,0.0,1.0,0.0,0.0
168,24.0,134.0,96.0,2702.0,13.5,75,0.0,1.0,0.0,0.0,0.0,0.0,1.0,0.0
169,25.0,90.0,71.0,2223.0,16.5,75,0.0,1.0,0.0,0.0,0.0,0.0,0.0,1.0
170,24.0,119.0,97.0,2545.0,17.0,75,0.0,1.0,0.0,0.0,0.0,0.0,1.0,0.0
171,18.0,171.0,97.0,2984.0,14.5,75,0.0,0.0,1.0,0.0,0.0,1.0,0.0,0.0
172,29.0,90.0,70.0,1937.0,14.0,75,0.0,1.0,0.0,0.0,0.0,0.0,0.0,1.0
173,19.0,232.0,90.0,3211.0,17.0,75,0.0,0.0,1.0,0.0,0.0,1.0,0.0,0.0
174,23.0,115.0,95.0,2694.0,15.0,75,0.0,1.0,0.0,0.0,0.0,0.0,0.0,1.0
175,23.0,120.0,88.0,2957.0,17.0,75,0.0,1.0,0.0,0.0,0.0,0.0,0.0,1.0
176,22.0,121.0,98.0,2945.0,14.5,75,0.0,1.0,0.0,0.0,0.0,0.0,0.0,1.0
177,25.0,121.0,115.0,2671.0,13.5,75,0.0,1.0,0.0,0.0,0.0,0.0,0.0,1.0
178,33.0,91.0,53.0,1795.0,17.5,75,0.0,1.0,0.0,0.0,0.0,0.0,1.0,0.0
179,28.0,107.0,86.0,2464.0,15.5,76,0.0,1.0,0.0,0.0,0.0,0.0,0.0,1.0
180,25.0,116.0,81.0,2220.0,16.9,76,0.0,1.0,0.0,0.0,0.0,0.0,0.0,1.0
181,25.0,140.0,92.0,2572.0,14.9,76,0.0,1.0,0.0,0.0,0.0,1.0,0.0,0.0
182,26.0,98.0,79.0,2255.0,17.7,76,0.0,1.0,0.0,0.0,0.0,1.0,0.0,0.0
183,27.0,101.0,83.0,2202.0,15.3,76,0.0,1.0,0.0,0.0,0.0,0.0,0.0,1.0
184,17.5,305.0,140.0,4215.0,13.0,76,1.0,0.0,0.0,0.0,0.0,1.0,0.0,0.0
185,16.0,318.0,150.0,4190.0,13.0,76,1.0,0.0,0.0,0.0,0.0,1.0,0.0,0.0
186,15.5,304.0,120.0,3962.0,13.9,76,1.0,0.0,0.0,0.0,0.0,1.0,0.0,0.0
187,14.5,351.0,152.0,4215.0,12.8,76,1.0,0.0,0.0,0.0,0.0,1.0,0.0,0.0
188,22.0,225.0,100.0,3233.0,15.4,76,0.0,0.0,1.0,0.0,0.0,1.0,0.0,0.0
189,22.0,250.0,105.0,3353.0,14.5,76,0.0,0.0,1.0,0.0,0.0,1.0,0.0,0.0
190,24.0,200.0,81.0,3012.0,17.6,76,0.0,0.0,1.0,0.0,0.0,1.0,0.0,0.0
191,22.5,232.0,90.0,3085.0,17.6,76,0.0,0.0,1.0,0.0,0.0,1.0,0.0,0.0
192,29.0,85.0,52.0,2035.0,22.2,76,0.0,1.0,0.0,0.0,0.0,1.0,0.0,0.0
193,24.5,98.0,60.0,2164.0,22.1,76,0.0,1.0,0.0,0.0,0.0,1.0,0.0,0.0
194,29.0,90.0,70.0,1937.0,14.2,76,0.0,1.0,0.0,0.0,0.0,0.0,0.0,1.0
195,33.0,91.0,53.0,1795.0,17.4,76,0.0,1.0,0.0,0.0,0.0,0.0,1.0,0.0
196,20.0,225.0,100.0,3651.0,17.7,76,0.0,0.0,1.0,0.0,0.0,1.0,0.0,0.0
197,18.0,250.0,78.0,3574.0,21.0,76,0.0,0.0,1.0,0.0,0.0,1.0,0.0,0.0
198,18.5,250.0,110.0,3645.0,16.2,76,0.0,0.0,1.0,0.0,0.0,1.0,0.0,0.0
199,17.5,258.0,95.0,3193.0,17.8,76,0.0,0.0,1.0,0.0,0.0,1.0,0.0,0.0
200,29.5,97.0,71.0,1825.0,12.2,76,0.0,1.0,0.0,0.0,0.0,0.0,0.0,1.0
201,32.0,85.0,70.0,1990.0,17.0,76,0.0,1.0,0.0,0.0,0.0,0.0,1.0,0.0
202,28.0,97.0,75.0,2155.0,16.4,76,0.0,1.0,0.0,0.0,0.0,0.0,1.0,0.0
203,26.5,140.0,72.0,2565.0,13.6,76,0.0,1.0,0.0,0.0,0.0,1.0,0.0,0.0
204,20.0,130.0,102.0,3150.0,15.7,76,0.0,1.0,0.0,0.0,0.0,0.0,0.0,1.0
205,13.0,318.0,150.0,3940.0,13.2,76,1.0,0.0,0.0,0.0,0.0,1.0,0.0,0.0
206,19.0,120.0,88.0,3270.0,21.9,76,0.0,1.0,0.0,0.0,0.0,0.0,0.0,1.0
207,19.0,156.0,108.0,2930.0,15.5,76,0.0,0.0,1.0,0.0,0.0,0.0,1.0,0.0
208,16.5,168.0,120.0,3820.0,16.7,76,0.0,0.0,1.0,0.0,0.0,0.0,0.0,1.0
209,16.5,350.0,180.0,4380.0,12.1,76,1.0,0.0,0.0,0.0,0.0,1.0,0.0,0.0
210,13.0,350.0,145.0,4055.0,12.0,76,1.0,0.0,0.0,0.0,0.0,1.0,0.0,0.0
211,13.0,302.0,130.0,3870.0,15.0,76,1.0,0.0,0.0,0.0,0.0,1.0,0.0,0.0
212,13.0,318.0,150.0,3755.0,14.0,76,1.0,0.0,0.0,0.0,0.0,1.0,0.0,0.0
213,31.5,98.0,68.0,2045.0,18.5,77,0.0,1.0,0.0,0.0,0.0,0.0,1.0,0.0
214,30.0,111.0,80.0,2155.0,14.8,77,0.0,1.0,0.0,0.0,0.0,1.0,0.0,0.0
215,36.0,79.0,58.0,1825.0,18.6,77,0.0,1.0,0.0,0.0,0.0,0.0,0.0,1.0
216,25.5,122.0,96.0,2300.0,15.5,77,0.0,1.0,0.0,0.0,0.0,1.0,0.0,0.0
217,33.5,85.0,70.0,1945.0,16.8,77,0.0,1.0,0.0,0.0,0.0,0.0,1.0,0.0
218,17.5,305.0,145.0,3880.0,12.5,77,1.0,0.0,0.0,0.0,0.0,1.0,0.0,0.0
219,17.0,260.0,110.0,4060.0,19.0,77,1.0,0.0,0.0,0.0,0.0,1.0,0.0,0.0
220,15.5,318.0,145.0,4140.0,13.7,77,1.0,0.0,0.0,0.0,0.0,1.0,0.0,0.0
221,15.0,302.0,130.0,4295.0,14.9,77,1.0,0.0,0.0,0.0,0.0,1.0,0.0,0.0
222,17.5,250.0,110.0,3520.0,16.4,77,0.0,0.0,1.0,0.0,0.0,1.0,0.0,0.0
223,20.5,231.0,105.0,3425.0,16.9,77,0.0,0.0,1.0,0.0,0.0,1.0,0.0,0.0
224,19.0,225.0,100.0,3630.0,17.7,77,0.0,0.0,1.0,0.0,0.0,1.0,0.0,0.0
225,18.5,250.0,98.0,3525.0,19.0,77,0.0,0.0,1.0,0.0,0.0,1.0,0.0,0.0
226,16.0,400.0,180.0,4220.0,11.1,77,1.0,0.0,0.0,0.0,0.0,1.0,0.0,0.0
227,15.5,350.0,170.0,4165.0,11.4,77,1.0,0.0,0.0,0.0,0.0,1.0,0.0,0.0
228,15.5,400.0,190.0,4325.0,12.2,77,1.0,0.0,0.0,0.0,0.0,1.0,0.0,0.0
229,16.0,351.0,149.0,4335.0,14.5,77,1.0,0.0,0.0,0.0,0.0,1.0,0.0,0.0
230,29.0,97.0,78.0,1940.0,14.5,77,0.0,1.0,0.0,0.0,0.0,0.0,0.0,1.0
231,24.5,151.0,88.0,2740.0,16.0,77,0.0,1.0,0.0,0.0,0.0,1.0,0.0,0.0
232,26.0,97.0,75.0,2265.0,18.2,77,0.0,1.0,0.0,0.0,0.0,0.0,1.0,0.0
233,25.5,140.0,89.0,2755.0,15.8,77,0.0,1.0,0.0,0.0,0.0,1.0,0.0,0.0
234,30.5,98.0,63.0,2051.0,17.0,77,0.0,1.0,0.0,0.0,0.0,1.0,0.0,0.0
235,33.5,98.0,83.0,2075.0,15.9,77,0.0,1.0,0.0,0.0,0.0,1.0,0.0,0.0
236,30.0,97.0,67.0,1985.0,16.4,77,0.0,1.0,0.0,0.0,0.0,0.0,1.0,0.0
237,30.5,97.0,78.0,2190.0,14.1,77,0.0,1.0,0.0,0.0,0.0,0.0,0.0,1.0
238,22.0,146.0,97.0,2815.0,14.5,77,0.0,0.0,1.0,0.0,0.0,0.0,1.0,0.0
239,21.5,121.0,110.0,2600.0,12.8,77,0.0,1.0,0.0,0.0,0.0,0.0,0.0,1.0
240,21.5,80.0,110.0,2720.0,13.5,77,0.0,0.0,0.0,1.0,0.0,0.0,1.0,0.0
241,43.1,90.0,48.0,1985.0,21.5,78,0.0,1.0,0.0,0.0,0.0,0.0,0.0,1.0
242,36.1,98.0,66.0,1800.0,14.4,78,0.0,1.0,0.0,0.0,0.0,1.0,0.0,0.0
243,32.8,78.0,52.0,1985.0,19.4,78,0.0,1.0,0.0,0.0,0.0,0.0,1.0,0.0
244,39.4,85.0,70.0,2070.0,18.6,78,0.0,1.0,0.0,0.0,0.0,0.0,1.0,0.0
245,36.1,91.0,60.0,1800.0,16.4,78,0.0,1.0,0.0,0.0,0.0,0.0,1.0,0.0
246,19.9,260.0,110.0,3365.0,15.5,78,1.0,0.0,0.0,0.0,0.0,1.0,0.0,0.0
247,19.4,318.0,140.0,3735.0,13.2,78,1.0,0.0,0.0,0.0,0.0,1.0,0.0,0.0
248,20.2,302.0,139.0,3570.0,12.8,78,1.0,0.0,0.0,0.0,0.0,1.0,0.0,0.0
249,19.2,231.0,105.0,3535.0,19.2,78,0.0,0.0,1.0,0.0,0.0,1.0,0.0,0.0
250,20.5,200.0,95.0,3155.0,18.2,78,0.0,0.0,1.0,0.0,0.0,1.0,0.0,0.0
251,20.2,200.0,85.0,2965.0,15.8,78,0.0,0.0,1.0,0.0,0.0,1.0,0.0,0.0
252,25.1,140.0,88.0,2720.0,15.4,78,0.0,1.0,0.0,0.0,0.0,1.0,0.0,0.0
253,20.5,225.0,100.0,3430.0,17.2,78,0.0,0.0,1.0,0.0,0.0,1.0,0.0,0.0
254,19.4,232.0,90.0,3210.0,17.2,78,0.0,0.0,1.0,0.0,0.0,1.0,0.0,0.0
255,20.6,231.0,105.0,3380.0,15.8,78,0.0,0.0,1.0,0.0,0.0,1.0,0.0,0.0
256,20.8,200.0,85.0,3070.0,16.7,78,0.0,0.0,1.0,0.0,0.0,1.0,0.0,0.0
257,18.6,225.0,110.0,3620.0,18.7,78,0.0,0.0,1.0,0.0,0.0,1.0,0.0,0.0
258,18.1,258.0,120.0,3410.0,15.1,78,0.0,0.0,1.0,0.0,0.0,1.0,0.0,0.0
259,19.2,305.0,145.0,3425.0,13.2,78,1.0,0.0,0.0,0.0,0.0,1.0,0.0,0.0
260,17.7,231.0,165.0,3445.0,13.4,78,0.0,0.0,1.0,0.0,0.0,1.0,0.0,0.0
261,18.1,302.0,139.0,3205.0,11.2,78,1.0,0.0,0.0,0.0,0.0,1.0,0.0,0.0
262,17.5,318.0,140.0,4080.0,13.7,78,1.0,0.0,0.0,0.0,0.0,1.0,0.0,0.0
263,30.0,98.0,68.0,2155.0,16.5,78,0.0,1.0,0.0,0.0,0.0,1.0,0.0,0.0
264,27.5,134.0,95.0,2560.0,14.2,78,0.0,1.0,0.0,0.0,0.0,0.0,1.0,0.0
265,27.2,119.0,97.0,2300.0,14.7,78,0.0,1.0,0.0,0.0,0.0,0.0,1.0,0.0
266,30.9,105.0,75.0,2230.0,14.5,78,0.0,1.0,0.0,0.0,0.0,1.0,0.0,0.0
267,21.1,134.0,95.0,2515.0,14.8,78,0.0,1.0,0.0,0.0,0.0,0.0,1.0,0.0
268,23.2,156.0,105.0,2745.0,16.7,78,0.0,1.0,0.0,0.0,0.0,1.0,0.0,0.0
269,23.8,151.0,85.0,2855.0,17.6,78,0.0,1.0,0.0,0.0,0.0,1.0,0.0,0.0
270,23.9,119.0,97.0,2405.0,14.9,78,0.0,1.0,0.0,0.0,0.0,0.0,1.0,0.0
271,20.3,131.0,103.0,2830.0,15.9,78,0.0,0.0,0.0,0.0,1.0,0.0,0.0,1.0
272,17.0,163.0,125.0,3140.0,13.6,78,0.0,0.0,1.0,0.0,0.0,0.0,0.0,1.0
273,21.6,121.0,115.0,2795.0,15.7,78,0.0,1.0,0.0,0.0,0.0,0.0,0.0,1.0
274,16.2,163.0,133.0,3410.0,15.8,78,0.0,0.0,1.0,0.0,0.0,0.0,0.0,1.0
275,31.5,89.0,71.0,1990.0,14.9,78,0.0,1.0,0.0,0.0,0.0,0.0,0.0,1.0
276,29.5,98.0,68.0,2135.0,16.6,78,0.0,1.0,0.0,0.0,0.0,0.0,1.0,0.0
277,21.5,231.0,115.0,3245.0,15.4,79,0.0,0.0,1.0,0.0,0.0,1.0,0.0,0.0
278,19.8,200.0,85.0,2990.0,18.2,79,0.0,0.0,1.0,0.0,0.0,1.0,0.0,0.0
279,22.3,140.0,88.0,2890.0,17.3,79,0.0,1.0,0.0,0.0,0.0,1.0,0.0,0.0
280,20.2,232.0,90.0,3265.0,18.2,79,0.0,0.0,1.0,0.0,0.0,1.0,0.0,0.0
281,20.6,225.0,110.0,3360.0,16.6,79,0.0,0.0,1.0,0.0,0.0,1.0,0.0,0.0
282,17.0,305.0,130.0,3840.0,15.4,79,1.0,0.0,0.0,0.0,0.0,1.0,0.0,0.0
283,17.6,302.0,129.0,3725.0,13.4,79,1.0,0.0,0.0,0.0,0.0,1.0,0.0,0.0
284,16.5,351.0,138.0,3955.0,13.2,79,1.0,0.0,0.0,0.0,0.0,1.0,0.0,0.0
285,18.2,318.0,135.0,3830.0,15.2,79,1.0,0.0,0.0,0.0,0.0,1.0,0.0,0.0
286,16.9,350.0,155.0,4360.0,14.9,79,1.0,0.0,0.0,0.0,0.0,1.0,0.0,0.0
287,15.5,351.0,142.0,4054.0,14.3,79,1.0,0.0,0.0,0.0,0.0,1.0,0.0,0.0
288,19.2,267.0,125.0,3605.0,15.0,79,1.0,0.0,0.0,0.0,0.0,1.0,0.0,0.0
289,18.5,360.0,150.0,3940.0,13.0,79,1.0,0.0,0.0,0.0,0.0,1.0,0.0,0.0
290,31.9,89.0,71.0,1925.0,14.0,79,0.0,1.0,0.0,0.0,0.0,0.0,0.0,1.0
291,34.1,86.0,65.0,1975.0,15.2,79,0.0,1.0,0.0,0.0,0.0,0.0,1.0,0.0
292,35.7,98.0,80.0,1915.0,14.4,79,0.0,1.0,0.0,0.0,0.0,1.0,0.0,0.0
293,27.4,121.0,80.0,2670.0,15.0,79,0.0,1.0,0.0,0.0,0.0,1.0,0.0,0.0
294,25.4,183.0,77.0,3530.0,20.1,79,0.0,0.0,0.0,0.0,1.0,0.0,0.0,1.0
295,23.0,350.0,125.0,3900.0,17.4,79,1.0,0.0,0.0,0.0,0.0,1.0,0.0,0.0
296,27.2,141.0,71.0,3190.0,24.8,79,0.0,1.0,0.0,0.0,0.0,0.0,0.0,1.0
297,23.9,260.0,90.0,3420.0,22.2,79,1.0,0.0,0.0,0.0,0.0,1.0,0.0,0.0
298,34.2,105.0,70.0,2200.0,13.2,79,0.0,1.0,0.0,0.0,0.0,1.0,0.0,0.0
299,34.5,105.0,70.0,2150.0,14.9,79,0.0,1.0,0.0,0.0,0.0,1.0,0.0,0.0
300,31.8,85.0,65.0,2020.0,19.2,79,0.0,1.0,0.0,0.0,0.0,0.0,1.0,0.0
301,37.3,91.0,69.0,2130.0,14.7,79,0.0,1.0,0.0,0.0,0.0,0.0,0.0,1.0
302,28.4,151.0,90.0,2670.0,16.0,79,0.0,1.0,0.0,0.0,0.0,1.0,0.0,0.0
303,28.8,173.0,115.0,2595.0,11.3,79,0.0,0.0,1.0,0.0,0.0,1.0,0.0,0.0
304,26.8,173.0,115.0,2700.0,12.9,79,0.0,0.0,1.0,0.0,0.0,1.0,0.0,0.0
305,33.5,151.0,90.0,2556.0,13.2,79,0.0,1.0,0.0,0.0,0.0,1.0,0.0,0.0
306,41.5,98.0,76.0,2144.0,14.7,80,0.0,1.0,0.0,0.0,0.0,0.0,0.0,1.0
307,38.1,89.0,60.0,1968.0,18.8,80,0.0,1.0,0.0,0.0,0.0,0.0,1.0,0.0
308,37.2,86.0,65.0,2019.0,16.4,80,0.0,1.0,0.0,0.0,0.0,0.0,1.0,0.0
309,28.0,151.0,90.0,2678.0,16.5,80,0.0,1.0,0.0,0.0,0.0,1.0,0.0,0.0
310,26.4,140.0,88.0,2870.0,18.1,80,0.0,1.0,0.0,0.0,0.0,1.0,0.0,0.0
311,24.3,151.0,90.0,3003.0,20.1,80,0.0,1.0,0.0,0.0,0.0,1.0,0.0,0.0
312,19.1,225.0,90.0,3381.0,18.7,80,0.0,0.0,1.0,0.0,0.0,1.0,0.0,0.0
313,34.3,97.0,78.0,2188.0,15.8,80,0.0,1.0,0.0,0.0,0.0,0.0,0.0,1.0
314,29.8,134.0,90.0,2711.0,15.5,80,0.0,1.0,0.0,0.0,0.0,0.0,1.0,0.0
315,31.3,120.0,75.0,2542.0,17.5,80,0.0,1.0,0.0,0.0,0.0,0.0,1.0,0.0
316,37.0,119.0,92.0,2434.0,15.0,80,0.0,1.0,0.0,0.0,0.0,0.0,1.0,0.0
317,32.2,108.0,75.0,2265.0,15.2,80,0.0,1.0,0.0,0.0,0.0,0.0,1.0,0.0
318,46.6,86.0,65.0,2110.0,17.9,80,0.0,1.0,0.0,0.0,0.0,0.0,1.0,0.0
319,27.9,156.0,105.0,2800.0,14.4,80,0.0,1.0,0.0,0.0,0.0,1.0,0.0,0.0
320,40.8,85.0,65.0,2110.0,19.2,80,0.0,1.0,0.0,0.0,0.0,0.0,1.0,0.0
321,44.3,90.0,48.0,2085.0,21.7,80,0.0,1.0,0.0,0.0,0.0,0.0,0.0,1.0
322,43.4,90.0,48.0,2335.0,23.7,80,0.0,1.0,0.0,0.0,0.0,0.0,0.0,1.0
323,36.4,121.0,67.0,2950.0,19.9,80,0.0,0.0,0.0,0.0,1.0,0.0,0.0,1.0
324,30.0,146.0,67.0,3250.0,21.8,80,0.0,1.0,0.0,0.0,0.0,0.0,0.0,1.0
325,44.6,91.0,67.0,1850.0,13.8,80,0.0,1.0,0.0,0.0,0.0,0.0,1.0,0.0
326,33.8,97.0,67.0,2145.0,18.0,80,0.0,1.0,0.0,0.0,0.0,0.0,1.0,0.0
327,29.8,89.0,62.0,1845.0,15.3,80,0.0,1.0,0.0,0.0,0.0,0.0,0.0,1.0
328,32.7,168.0,132.0,2910.0,11.4,80,0.0,0.0,1.0,0.0,0.0,0.0,1.0,0.0
329,23.7,70.0,100.0,2420.0,12.5,80,0.0,0.0,0.0,1.0,0.0,0.0,1.0,0.0
330,35.0,122.0,88.0,2500.0,15.1,80,0.0,1.0,0.0,0.0,0.0,0.0,0.0,1.0
331,32.4,107.0,72.0,2290.0,17.0,80,0.0,1.0,0.0,0.0,0.0,0.0,1.0,0.0
332,27.2,135.0,84.0,2490.0,15.7,81,0.0,1.0,0.0,0.0,0.0,1.0,0.0,0.0
333,26.6,151.0,84.0,2635.0,16.4,81,0.0,1.0,0.0,0.0,0.0,1.0,0.0,0.0
334,25.8,156.0,92.0,2620.0,14.4,81,0.0,1.0,0.0,0.0,0.0,1.0,0.0,0.0
335,23.5,173.0,110.0,2725.0,12.6,81,0.0,0.0,1.0,0.0,0.0,1.0,0.0,0.0
336,30.0,135.0,84.0,2385.0,12.9,81,0.0,1.0,0.0,0.0,0.0,1.0,0.0,0.0
337,39.1,79.0,58.0,1755.0,16.9,81,0.0,1.0,0.0,0.0,0.0,0.0,1.0,0.0
338,39.0,86.0,64.0,1875.0,16.4,81,0.0,1.0,0.0,0.0,0.0,1.0,0.0,0.0
339,35.1,81.0,60.0,1760.0,16.1,81,0.0,1.0,0.0,0.0,0.0,0.0,1.0,0.0
340,32.3,97.0,67.0,2065.0,17.8,81,0.0,1.0,0.0,0.0,0.0,0.0,1.0,0.0
341,37.0,85.0,65.0,1975.0,19.4,81,0.0,1.0,0.0,0.0,0.0,0.0,1.0,0.0
342,37.7,89.0,62.0,2050.0,17.3,81,0.0,1.0,0.0,0.0,0.0,0.0,1.0,0.0
343,34.1,91.0,68.0,1985.0,16.0,81,0.0,1.0,0.0,0.0,0.0,0.0,1.0,0.0
344,34.7,105.0,63.0,2215.0,14.9,81,0.0,1.0,0.0,0.0,0.0,1.0,0.0,0.0
345,34.4,98.0,65.0,2045.0,16.2,81,0.0,1.0,0.0,0.0,0.0,1.0,0.0,0.0
346,29.9,98.0,65.0,2380.0,20.7,81,0.0,1.0,0.0,0.0,0.0,1.0,0.0,0.0
347,33.0,105.0,74.0,2190.0,14.2,81,0.0,1.0,0.0,0.0,0.0,0.0,0.0,1.0
348,33.7,107.0,75.0,2210.0,14.4,81,0.0,1.0,0.0,0.0,0.0,0.0,1.0,0.0
349,32.4,108.0,75.0,2350.0,16.8,81,0.0,1.0,0.0,0.0,0.0,0.0,1.0,0.0
350,32.9,119.0,100.0,2615.0,14.8,81,0.0,1.0,0.0,0.0,0.0,0.0,1.0,0.0
351,31.6,120.0,74.0,2635.0,18.3,81,0.0,1.0,0.0,0.0,0.0,0.0,1.0,0.0
352,28.1,141.0,80.0,3230.0,20.4,81,0.0,1.0,0.0,0.0,0.0,0.0,0.0,1.0
353,30.7,145.0,76.0,3160.0,19.6,81,0.0,0.0,1.0,0.0,0.0,0.0,0.0,1.0
354,25.4,168.0,116.0,2900.0,12.6,81,0.0,0.0,1.0,0.0,0.0,0.0,1.0,0.0
355,24.2,146.0,120.0,2930.0,13.8,81,0.0,0.0,1.0,0.0,0.0,0.0,1.0,0.0
356,22.4,231.0,110.0,3415.0,15.8,81,0.0,0.0,1.0,0.0,0.0,1.0,0.0,0.0
357,26.6,350.0,105.0,3725.0,19.0,81,1.0,0.0,0.0,0.0,0.0,1.0,0.0,0.0
358,20.2,200.0,88.0,3060.0,17.1,81,0.0,0.0,1.0,0.0,0.0,1.0,0.0,0.0
359,17.6,225.0,85.0,3465.0,16.6,81,0.0,0.0,1.0,0.0,0.0,1.0,0.0,0.0
360,28.0,112.0,88.0,2605.0,19.6,82,0.0,1.0,0.0,0.0,0.0,1.0,0.0,0.0
361,27.0,112.0,88.0,2640.0,18.6,82,0.0,1.0,0.0,0.0,0.0,1.0,0.0,0.0
362,34.0,112.0,88.0,2395.0,18.0,82,0.0,1.0,0.0,0.0,0.0,1.0,0.0,0.0
363,31.0,112.0,85.0,2575.0,16.2,82,0.0,1.0,0.0,0.0,0.0,1.0,0.0,0.0
364,29.0,135.0,84.0,2525.0,16.0,82,0.0,1.0,0.0,0.0,0.0,1.0,0.0,0.0
365,27.0,151.0,90.0,2735.0,18.0,82,0.0,1.0,0.0,0.0,0.0,1.0,0.0,0.0
366,24.0,140.0,92.0,2865.0,16.4,82,0.0,1.0,0.0,0.0,0.0,1.0,0.0,0.0
367,36.0,105.0,74.0,1980.0,15.3,82,0.0,1.0,0.0,0.0,0.0,0.0,0.0,1.0
368,37.0,91.0,68.0,2025.0,18.2,82,0.0,1.0,0.0,0.0,0.0,0.0,1.0,0.0
369,31.0,91.0,68.0,1970.0,17.6,82,0.0,1.0,0.0,0.0,0.0,0.0,1.0,0.0
370,38.0,105.0,63.0,2125.0,14.7,82,0.0,1.0,0.0,0.0,0.0,1.0,0.0,0.0
371,36.0,98.0,70.0,2125.0,17.3,82,0.0,1.0,0.0,0.0,0.0,1.0,0.0,0.0
372,36.0,120.0,88.0,2160.0,14.5,82,0.0,1.0,0.0,0.0,0.0,0.0,1.0,0.0
373,36.0,107.0,75.0,2205.0,14.5,82,0.0,1.0,0.0,0.0,0.0,0.0,1.0,0.0
374,34.0,108.0,70.0,2245.0,16.9,82,0.0,1.0,0.0,0.0,0.0,0.0,1.0,0.0
375,38.0,91.0,67.0,1965.0,15.0,82,0.0,1.0,0.0,0.0,0.0,0.0,1.0,0.0
376,32.0,91.0,67.0,1965.0,15.7,82,0.0,1.0,0.0,0.0,0.0,0.0,1.0,0.0
377,38.0,91.0,67.0,1995.0,16.2,82,0.0,1.0,0.0,0.0,0.0,0.0,1.0,0.0
378,25.0,181.0,110.0,2945.0,16.4,82,0.0,0.0,1.0,0.0,0.0,1.0,0.0,0.0
379,38.0,262.0,85.0,3015.0,17.0,82,0.0,0.0,1.0,0.0,0.0,1.0,0.0,0.0
380,26.0,156.0,92.0,2585.0,14.5,82,0.0,1.0,0.0,0.0,0.0,1.0,0.0,0.0
381,22.0,232.0,112.0,2835.0,14.7,82,0.0,0.0,1.0,0.0,0.0,1.0,0.0,0.0
382,32.0,144.0,96.0,2665.0,13.9,82,0.0,1.0,0.0,0.0,0.0,0.0,1.0,0.0
383,36.0,135.0,84.0,2370.0,13.0,82,0.0,1.0,0.0,0.0,0.0,1.0,0.0,0.0
384,27.0,151.0,90.0,2950.0,17.3,82,0.0,1.0,0.0,0.0,0.0,1.0,0.0,0.0
385,27.0,140.0,86.0,2790.0,15.6,82,0.0,1.0,0.0,0.0,0.0,1.0,0.0,0.0
386,44.0,97.0,52.0,2130.0,24.6,82,0.0,1.0,0.0,0.0,0.0,0.0,0.0,1.0
387,32.0,135.0,84.0,2295.0,11.6,82,0.0,1.0,0.0,0.0,0.0,1.0,0.0,0.0
388,28.0,120.0,79.0,2625.0,18.6,82,0.0,1.0,0.0,0.0,0.0,1.0,0.0,0.0
389,31.0,119.0,82.0,2720.0,19.4,82,0.0,1.0,0.0,0.0,0.0,1.0,0.0,0.0
